{
  "hash": "660122d2",
  "configHash": "fb4c7110",
  "lockfileHash": "8a07dfbb",
  "browserHash": "1d44714c",
  "optimized": {
    "@angular/common": {
      "src": "../../../../../../node_modules/@angular/common/fesm2022/common.mjs",
      "file": "@angular_common.js",
      "fileHash": "e348e73b",
      "needsInterop": false
    },
    "@angular/common/http": {
      "src": "../../../../../../node_modules/@angular/common/fesm2022/http.mjs",
      "file": "@angular_common_http.js",
      "fileHash": "6a15ea62",
      "needsInterop": false
    },
    "@angular/core": {
      "src": "../../../../../../node_modules/@angular/core/fesm2022/core.mjs",
      "file": "@angular_core.js",
      "fileHash": "28c0f67a",
      "needsInterop": false
    },
    "@angular/forms": {
      "src": "../../../../../../node_modules/@angular/forms/fesm2022/forms.mjs",
      "file": "@angular_forms.js",
      "fileHash": "4f391d75",
      "needsInterop": false
    },
    "@angular/platform-browser": {
      "src": "../../../../../../node_modules/@angular/platform-browser/fesm2022/platform-browser.mjs",
      "file": "@angular_platform-browser.js",
      "fileHash": "f28b5c01",
      "needsInterop": false
    },
    "@angular/router": {
      "src": "../../../../../../node_modules/@angular/router/fesm2022/router.mjs",
      "file": "@angular_router.js",
      "fileHash": "d1a82893",
      "needsInterop": false
    }
  },
  "chunks": {
    "chunk-B4INV7MS": {
      "file": "chunk-B4INV7MS.js"
    },
    "chunk-HI5LYNPZ": {
      "file": "chunk-HI5LYNPZ.js"
    },
    "chunk-YHLJATRA": {
      "file": "chunk-YHLJATRA.js"
    },
    "chunk-4LNBP2NR": {
      "file": "chunk-4LNBP2NR.js"
    },
    "chunk-N6SXN66H": {
      "file": "chunk-N6SXN66H.js"
    }
  }
}