{
  "hash": "d5abf4bb",
  "configHash": "45f6183d",
  "lockfileHash": "587da968",
  "browserHash": "cb4ce05c",
  "optimized": {
    "@angular/core": {
      "src": "../../../../../../node_modules/@angular/core/fesm2022/core.mjs",
      "file": "@angular_core.js",
      "fileHash": "561b208c",
      "needsInterop": false
    },
    "@angular/platform-browser": {
      "src": "../../../../../../node_modules/@angular/platform-browser/fesm2022/platform-browser.mjs",
      "file": "@angular_platform-browser.js",
      "fileHash": "234b4c0e",
      "needsInterop": false
    },
    "@angular/router": {
      "src": "../../../../../../node_modules/@angular/router/fesm2022/router.mjs",
      "file": "@angular_router.js",
      "fileHash": "37002c97",
      "needsInterop": false
    },
    "@angular/forms": {
      "src": "../../../../../../node_modules/@angular/forms/fesm2022/forms.mjs",
      "file": "@angular_forms.js",
      "fileHash": "9870260a",
      "needsInterop": false
    },
    "@angular/common": {
      "src": "../../../../../../node_modules/@angular/common/fesm2022/common.mjs",
      "file": "@angular_common.js",
      "fileHash": "586ea261",
      "needsInterop": false
    },
    "@angular/common/http": {
      "src": "../../../../../../node_modules/@angular/common/fesm2022/http.mjs",
      "file": "@angular_common_http.js",
      "fileHash": "f084bdb4",
      "needsInterop": false
    }
  },
  "chunks": {
    "chunk-335GYTB7": {
      "file": "chunk-335GYTB7.js"
    },
    "chunk-Y2IUP6TX": {
      "file": "chunk-Y2IUP6TX.js"
    },
    "chunk-2GM4SXI4": {
      "file": "chunk-2GM4SXI4.js"
    },
    "chunk-N3KE3DRU": {
      "file": "chunk-N3KE3DRU.js"
    },
    "chunk-N6SXN66H": {
      "file": "chunk-N6SXN66H.js"
    }
  }
}