{
  "employees": [
    {
      "eid": 101,
      "ename": "Pranay",
      "desg": "Trainee",
      "email": "pranay@gmail.com",
      "mobile": "9874561238",
      "salary": 56000,
      "dept": "IT",
      "id": "1b80"
    },
    {
      "eid": 102,
      "ename": "Prani",
      "desg": "Manager",
      "email": "pranireddy@gmail.com",
      "mobile": "9974561238",
      "salary": 96000,
      "dept": "Sales",
      "id": "ac0d"
    },
    {
      "eid": 103,
      "ename": "Latha",
      "desg": "Senior HR",
      "email": "padmalatha@gmail.com",
      "mobile": "9874561298",
      "salary": 76000,
      "dept": "HR",
      "id": "849e"
    },
    {
      "id": "cc47",
      "eid": 52,
      "ename": "weerger",
      "desg": "wthdfh",
      "email": "wrgeg@gmial.com",
      "mobile": "y45y",
      "salary": 32454,
      "dept": "34r"
    }
  ]
}