{
  "hash": "69ae7397",
  "configHash": "809447bb",
  "lockfileHash": "079be21e",
  "browserHash": "55a5e4a5",
  "optimized": {
    "@angular/common": {
      "src": "../../../../../../node_modules/@angular/common/fesm2022/common.mjs",
      "file": "@angular_common.js",
      "fileHash": "02576581",
      "needsInterop": false
    },
    "@angular/core": {
      "src": "../../../../../../node_modules/@angular/core/fesm2022/core.mjs",
      "file": "@angular_core.js",
      "fileHash": "72602464",
      "needsInterop": false
    },
    "@angular/forms": {
      "src": "../../../../../../node_modules/@angular/forms/fesm2022/forms.mjs",
      "file": "@angular_forms.js",
      "fileHash": "0312db49",
      "needsInterop": false
    },
    "@angular/platform-browser": {
      "src": "../../../../../../node_modules/@angular/platform-browser/fesm2022/platform-browser.mjs",
      "file": "@angular_platform-browser.js",
      "fileHash": "e1caeb19",
      "needsInterop": false
    },
    "@angular/router": {
      "src": "../../../../../../node_modules/@angular/router/fesm2022/router.mjs",
      "file": "@angular_router.js",
      "fileHash": "e063e9f7",
      "needsInterop": false
    },
    "@angular/forms/signals": {
      "src": "../../../../../../node_modules/@angular/forms/fesm2022/signals.mjs",
      "file": "@angular_forms_signals.js",
      "fileHash": "09c5a80a",
      "needsInterop": false
    },
    "@angular/common/http": {
      "src": "../../../../../../node_modules/@angular/common/fesm2022/http.mjs",
      "file": "@angular_common_http.js",
      "fileHash": "9c8b089a",
      "needsInterop": false
    }
  },
  "chunks": {
    "chunk-335GYTB7": {
      "file": "chunk-335GYTB7.js"
    },
    "chunk-PV6LT75U": {
      "file": "chunk-PV6LT75U.js"
    },
    "chunk-Y2IUP6TX": {
      "file": "chunk-Y2IUP6TX.js"
    },
    "chunk-2GM4SXI4": {
      "file": "chunk-2GM4SXI4.js"
    },
    "chunk-N3KE3DRU": {
      "file": "chunk-N3KE3DRU.js"
    },
    "chunk-N6SXN66H": {
      "file": "chunk-N6SXN66H.js"
    }
  }
}