{
    "plans": [
      {
        "planId": 1,
        "planName": "Care Life Plan",
        "description": "The Care Life Plan safeguards you from unforeseen circumstances by providing instant coverage with no waiting period. Emergency services such as immediate ambulance, specialist consultation and complete assistance are its major features.",
        "baseAmt": 2500,
        "validity": 15,
        "id": "b69d"
      },
      {
        "planId": 2,
        "planName": "Good Health Plan",
        "description": "The Good Health Plan is our best selling plan. Facilities like Air Ambulance and Buy Now and Pay Later options make it a stand out in the industry.",
        "baseAmt": 2500,
        "validity": 30,
        "id": "75fd"
      },
      {
        "planId": 3,
        "planName": "Family Health Plan",
        "description": "Covers entire family members with hospitalisation, maternity, and outpatient benefits. Ideal for families seeking comprehensive coverage.",
        "baseAmt": 8000,
        "validity": 365,
        "id": "c12a"
      },
      {
        "planId": 4,
        "planName": "Senior Citizen Care",
        "description": "Specially designed for seniors aged 60+, offering coverage for critical illnesses, regular health checkups, and home health services.",
        "baseAmt": 12000,
        "validity": 365,
        "id": "d45b"
      },
      {
        "planId": 5,
        "planName": "Accident Protection Plan",
        "description": "Provides financial protection against accidents, including accidental death, permanent disability, and medical expenses coverage.",
        "baseAmt": 5000,
        "validity": 180,
        "id": "e78c"
      }
     
    ],
    "bookings": [
      {
        "id": "39cf",
        "planId": 1,
        "planName": "Care Life Plan",
        "name": "Keerthika",
        "cardNumber": "120067008909",
        "city": "Thanjavur",
        "paymentMode": "credit card",
        "age": 21,
        "premiumAmt": 2500,
        "paymentFreq": "yearly",
        "validity": 15
      },
      {
        "id": "bb5a",
        "planId": 2,
        "planName": "Good Health Plan",
        "name": "Kavinthra",
        "cardNumber": "151456768765",
        "city": "Chennai",
        "paymentMode": "credit card",
        "age": 20,
        "premiumAmt": 2500,
        "paymentFreq": "yearly",
        "validity": 30
      },
      {
        "id": "e308",
        "planId": 1,
        "planName": "Care Life Plan",
        "name": "Vageesh",
        "cardNumber": "123456789087",
        "city": "Trichy",
        "paymentMode": "credit card",
        "age": 22,
        "premiumAmt": 2500,
        "paymentFreq": "yearly",
        "validity": 15
      }
    ]
  }